[
{
    "model": "contenttypes.contenttype",
    "pk": 1,
    "fields": {
        "app_label": "admin",
        "model": "logentry"
    }
},
{
    "model": "contenttypes.contenttype",
    "pk": 2,
    "fields": {
        "app_label": "auth",
        "model": "permission"
    }
},
{
    "model": "contenttypes.contenttype",
    "pk": 3,
    "fields": {
        "app_label": "auth",
        "model": "group"
    }
},
{
    "model": "contenttypes.contenttype",
    "pk": 4,
    "fields": {
        "app_label": "auth",
        "model": "user"
    }
},
{
    "model": "contenttypes.contenttype",
    "pk": 5,
    "fields": {
        "app_label": "contenttypes",
        "model": "contenttype"
    }
},
{
    "model": "contenttypes.contenttype",
    "pk": 6,
    "fields": {
        "app_label": "sessions",
        "model": "session"
    }
},
{
    "model": "contenttypes.contenttype",
    "pk": 7,
    "fields": {
        "app_label": "phbook",
        "model": "phonenumber"
    }
},
{
    "model": "contenttypes.contenttype",
    "pk": 8,
    "fields": {
        "app_label": "phbook",
        "model": "person"
    }
},
{
    "model": "contenttypes.contenttype",
    "pk": 9,
    "fields": {
        "app_label": "phbook",
        "model": "email"
    }
},
{
    "model": "sessions.session",
    "pk": "jyqqw7xodnfv43xtd85ad4udclpti4xj",
    "fields": {
        "session_data": "ZDhkYzYzYWEzMmQ0ZGUwMzYzNjc1YTJlYTJmZmEwZTU3NjRlN2MxMjp7Il9hdXRoX3VzZXJfaWQiOiIxIiwiX2F1dGhfdXNlcl9iYWNrZW5kIjoiZGphbmdvLmNvbnRyaWIuYXV0aC5iYWNrZW5kcy5Nb2RlbEJhY2tlbmQiLCJfYXV0aF91c2VyX2hhc2giOiJhYzYzOWRkZjRkYmQ1ZmIwODc3YzM2ZDA5OTA2YzcxZDllZWJkNDU4In0=",
        "expire_date": "2019-09-23T15:04:04.674Z"
    }
},
{
    "model": "phbook.person",
    "pk": 9,
    "fields": {
        "firstname": "Ma\u0142gorzata",
        "lastname": "Adamczak"
    }
},
{
    "model": "phbook.person",
    "pk": 10,
    "fields": {
        "firstname": "Borys",
        "lastname": "Budka"
    }
},
{
    "model": "phbook.person",
    "pk": 11,
    "fields": {
        "firstname": "Artur",
        "lastname": "D\u0119bski"
    }
},
{
    "model": "phbook.person",
    "pk": 12,
    "fields": {
        "firstname": "Ludwik",
        "lastname": "Dorn"
    }
},
{
    "model": "phbook.person",
    "pk": 13,
    "fields": {
        "firstname": "Jerzy",
        "lastname": "Fedorowicz"
    }
},
{
    "model": "phbook.person",
    "pk": 14,
    "fields": {
        "firstname": "Zbigniew",
        "lastname": "Girzy\u0144ski"
    }
},
{
    "model": "phbook.person",
    "pk": 15,
    "fields": {
        "firstname": "Cezary",
        "lastname": "Grabarczyk"
    }
},
{
    "model": "phbook.person",
    "pk": 16,
    "fields": {
        "firstname": "Krzysztof",
        "lastname": "Jurgiel"
    }
},
{
    "model": "phbook.person",
    "pk": 17,
    "fields": {
        "firstname": "Beata",
        "lastname": "Kempa"
    }
},
{
    "model": "phbook.person",
    "pk": 18,
    "fields": {
        "firstname": "Ewa",
        "lastname": "Kopacz"
    }
},
{
    "model": "phbook.person",
    "pk": 19,
    "fields": {
        "firstname": "Leszek",
        "lastname": "Miller"
    }
},
{
    "model": "phbook.person",
    "pk": 20,
    "fields": {
        "firstname": "S\u0142awomir",
        "lastname": "Neumann"
    }
},
{
    "model": "phbook.person",
    "pk": 21,
    "fields": {
        "firstname": "S\u0142awomir",
        "lastname": "Nowak"
    }
},
{
    "model": "phbook.person",
    "pk": 22,
    "fields": {
        "firstname": "Cezary",
        "lastname": "Olejniczak"
    }
},
{
    "model": "phbook.person",
    "pk": 23,
    "fields": {
        "firstname": "Krystyna",
        "lastname": "Paw\u0142owicz"
    }
},
{
    "model": "phbook.person",
    "pk": 24,
    "fields": {
        "firstname": "Julia",
        "lastname": "Pitera"
    }
},
{
    "model": "phbook.person",
    "pk": 25,
    "fields": {
        "firstname": "El\u017cbieta",
        "lastname": "Rafalska"
    }
},
{
    "model": "phbook.person",
    "pk": 26,
    "fields": {
        "firstname": "Marek",
        "lastname": "Suski"
    }
},
{
    "model": "phbook.person",
    "pk": 27,
    "fields": {
        "firstname": "Jacek",
        "lastname": "\u017balek"
    }
},
{
    "model": "phbook.person",
    "pk": 28,
    "fields": {
        "firstname": "Tadeusz",
        "lastname": "Iwi\u0144ski"
    }
},
{
    "model": "phbook.phonenumber",
    "pk": 68,
    "fields": {
        "person": 10,
        "phonenumber": "(32) 271-20-40"
    }
},
{
    "model": "phbook.phonenumber",
    "pk": 69,
    "fields": {
        "person": 12,
        "phonenumber": "(22) 621-29-24"
    }
},
{
    "model": "phbook.phonenumber",
    "pk": 70,
    "fields": {
        "person": 13,
        "phonenumber": "(12) 429-12-06"
    }
},
{
    "model": "phbook.phonenumber",
    "pk": 71,
    "fields": {
        "person": 14,
        "phonenumber": "(56) 621-13-93"
    }
},
{
    "model": "phbook.phonenumber",
    "pk": 72,
    "fields": {
        "person": 15,
        "phonenumber": "(42) 631-07-12"
    }
},
{
    "model": "phbook.phonenumber",
    "pk": 73,
    "fields": {
        "person": 16,
        "phonenumber": "(85) 742-30-37"
    }
},
{
    "model": "phbook.phonenumber",
    "pk": 74,
    "fields": {
        "person": 17,
        "phonenumber": "(62) 785-24-33"
    }
},
{
    "model": "phbook.phonenumber",
    "pk": 75,
    "fields": {
        "person": 19,
        "phonenumber": "(58) 622-31-98"
    }
},
{
    "model": "phbook.phonenumber",
    "pk": 76,
    "fields": {
        "person": 20,
        "phonenumber": "(58) 536-83-61"
    }
},
{
    "model": "phbook.phonenumber",
    "pk": 77,
    "fields": {
        "person": 21,
        "phonenumber": "(58) 767-72-40"
    }
},
{
    "model": "phbook.phonenumber",
    "pk": 78,
    "fields": {
        "person": 22,
        "phonenumber": "(46) 837-40-25"
    }
},
{
    "model": "phbook.phonenumber",
    "pk": 79,
    "fields": {
        "person": 24,
        "phonenumber": "(22) 826-41-93"
    }
},
{
    "model": "phbook.phonenumber",
    "pk": 80,
    "fields": {
        "person": 25,
        "phonenumber": "691-770-217"
    }
},
{
    "model": "phbook.phonenumber",
    "pk": 81,
    "fields": {
        "person": 26,
        "phonenumber": "(48) 362-50-32"
    }
},
{
    "model": "phbook.phonenumber",
    "pk": 82,
    "fields": {
        "person": 27,
        "phonenumber": "(85) 874-42-87"
    }
},
{
    "model": "phbook.phonenumber",
    "pk": 83,
    "fields": {
        "person": 28,
        "phonenumber": "(89) 523-56-86"
    }
},
{
    "model": "phbook.email",
    "pk": 52,
    "fields": {
        "person": 10,
        "email": "poczta@borysbudka.pl"
    }
},
{
    "model": "phbook.email",
    "pk": 53,
    "fields": {
        "person": 12,
        "email": "ludwik.dorn@sejm.pl"
    }
},
{
    "model": "phbook.email",
    "pk": 54,
    "fields": {
        "person": 13,
        "email": "jerzy.fedorowicz@sejm.pl"
    }
},
{
    "model": "phbook.email",
    "pk": 55,
    "fields": {
        "person": 14,
        "email": "zbigniew.girzynski@sejm.pl"
    }
},
{
    "model": "phbook.email",
    "pk": 56,
    "fields": {
        "person": 15,
        "email": "cezary.grabarczyk@sejm.pl"
    }
},
{
    "model": "phbook.email",
    "pk": 57,
    "fields": {
        "person": 16,
        "email": "krzysztof@jurgiel.pl"
    }
},
{
    "model": "phbook.email",
    "pk": 58,
    "fields": {
        "person": 17,
        "email": "beata.kempa@sejm.pl"
    }
},
{
    "model": "phbook.email",
    "pk": 59,
    "fields": {
        "person": 20,
        "email": "posel@neumannslawomir.pl"
    }
},
{
    "model": "phbook.email",
    "pk": 60,
    "fields": {
        "person": 21,
        "email": "biuro@slawomirnowak.pl"
    }
},
{
    "model": "phbook.email",
    "pk": 61,
    "fields": {
        "person": 22,
        "email": "cezary.olejniczak@sejm.pl"
    }
},
{
    "model": "phbook.email",
    "pk": 62,
    "fields": {
        "person": 24,
        "email": "julia.pitera@sejm.pl"
    }
},
{
    "model": "phbook.email",
    "pk": 63,
    "fields": {
        "person": 23,
        "email": "kontakt@krystynapawlowicz.pl"
    }
},
{
    "model": "phbook.email",
    "pk": 64,
    "fields": {
        "person": 26,
        "email": "bpms@wp.pl"
    }
},
{
    "model": "phbook.email",
    "pk": 65,
    "fields": {
        "person": 27,
        "email": "biuroposelskie@jacekzalek.pl"
    }
},
{
    "model": "auth.permission",
    "pk": 1,
    "fields": {
        "name": "Can add log entry",
        "content_type": 1,
        "codename": "add_logentry"
    }
},
{
    "model": "auth.permission",
    "pk": 2,
    "fields": {
        "name": "Can change log entry",
        "content_type": 1,
        "codename": "change_logentry"
    }
},
{
    "model": "auth.permission",
    "pk": 3,
    "fields": {
        "name": "Can delete log entry",
        "content_type": 1,
        "codename": "delete_logentry"
    }
},
{
    "model": "auth.permission",
    "pk": 4,
    "fields": {
        "name": "Can view log entry",
        "content_type": 1,
        "codename": "view_logentry"
    }
},
{
    "model": "auth.permission",
    "pk": 5,
    "fields": {
        "name": "Can add permission",
        "content_type": 2,
        "codename": "add_permission"
    }
},
{
    "model": "auth.permission",
    "pk": 6,
    "fields": {
        "name": "Can change permission",
        "content_type": 2,
        "codename": "change_permission"
    }
},
{
    "model": "auth.permission",
    "pk": 7,
    "fields": {
        "name": "Can delete permission",
        "content_type": 2,
        "codename": "delete_permission"
    }
},
{
    "model": "auth.permission",
    "pk": 8,
    "fields": {
        "name": "Can view permission",
        "content_type": 2,
        "codename": "view_permission"
    }
},
{
    "model": "auth.permission",
    "pk": 9,
    "fields": {
        "name": "Can add group",
        "content_type": 3,
        "codename": "add_group"
    }
},
{
    "model": "auth.permission",
    "pk": 10,
    "fields": {
        "name": "Can change group",
        "content_type": 3,
        "codename": "change_group"
    }
},
{
    "model": "auth.permission",
    "pk": 11,
    "fields": {
        "name": "Can delete group",
        "content_type": 3,
        "codename": "delete_group"
    }
},
{
    "model": "auth.permission",
    "pk": 12,
    "fields": {
        "name": "Can view group",
        "content_type": 3,
        "codename": "view_group"
    }
},
{
    "model": "auth.permission",
    "pk": 13,
    "fields": {
        "name": "Can add user",
        "content_type": 4,
        "codename": "add_user"
    }
},
{
    "model": "auth.permission",
    "pk": 14,
    "fields": {
        "name": "Can change user",
        "content_type": 4,
        "codename": "change_user"
    }
},
{
    "model": "auth.permission",
    "pk": 15,
    "fields": {
        "name": "Can delete user",
        "content_type": 4,
        "codename": "delete_user"
    }
},
{
    "model": "auth.permission",
    "pk": 16,
    "fields": {
        "name": "Can view user",
        "content_type": 4,
        "codename": "view_user"
    }
},
{
    "model": "auth.permission",
    "pk": 17,
    "fields": {
        "name": "Can add content type",
        "content_type": 5,
        "codename": "add_contenttype"
    }
},
{
    "model": "auth.permission",
    "pk": 18,
    "fields": {
        "name": "Can change content type",
        "content_type": 5,
        "codename": "change_contenttype"
    }
},
{
    "model": "auth.permission",
    "pk": 19,
    "fields": {
        "name": "Can delete content type",
        "content_type": 5,
        "codename": "delete_contenttype"
    }
},
{
    "model": "auth.permission",
    "pk": 20,
    "fields": {
        "name": "Can view content type",
        "content_type": 5,
        "codename": "view_contenttype"
    }
},
{
    "model": "auth.permission",
    "pk": 21,
    "fields": {
        "name": "Can add session",
        "content_type": 6,
        "codename": "add_session"
    }
},
{
    "model": "auth.permission",
    "pk": 22,
    "fields": {
        "name": "Can change session",
        "content_type": 6,
        "codename": "change_session"
    }
},
{
    "model": "auth.permission",
    "pk": 23,
    "fields": {
        "name": "Can delete session",
        "content_type": 6,
        "codename": "delete_session"
    }
},
{
    "model": "auth.permission",
    "pk": 24,
    "fields": {
        "name": "Can view session",
        "content_type": 6,
        "codename": "view_session"
    }
},
{
    "model": "auth.permission",
    "pk": 25,
    "fields": {
        "name": "Can add phonenumber",
        "content_type": 7,
        "codename": "add_phonenumber"
    }
},
{
    "model": "auth.permission",
    "pk": 26,
    "fields": {
        "name": "Can change phonenumber",
        "content_type": 7,
        "codename": "change_phonenumber"
    }
},
{
    "model": "auth.permission",
    "pk": 27,
    "fields": {
        "name": "Can delete phonenumber",
        "content_type": 7,
        "codename": "delete_phonenumber"
    }
},
{
    "model": "auth.permission",
    "pk": 28,
    "fields": {
        "name": "Can view phonenumber",
        "content_type": 7,
        "codename": "view_phonenumber"
    }
},
{
    "model": "auth.permission",
    "pk": 29,
    "fields": {
        "name": "Can add person",
        "content_type": 8,
        "codename": "add_person"
    }
},
{
    "model": "auth.permission",
    "pk": 30,
    "fields": {
        "name": "Can change person",
        "content_type": 8,
        "codename": "change_person"
    }
},
{
    "model": "auth.permission",
    "pk": 31,
    "fields": {
        "name": "Can delete person",
        "content_type": 8,
        "codename": "delete_person"
    }
},
{
    "model": "auth.permission",
    "pk": 32,
    "fields": {
        "name": "Can view person",
        "content_type": 8,
        "codename": "view_person"
    }
},
{
    "model": "auth.permission",
    "pk": 33,
    "fields": {
        "name": "Can add email",
        "content_type": 9,
        "codename": "add_email"
    }
},
{
    "model": "auth.permission",
    "pk": 34,
    "fields": {
        "name": "Can change email",
        "content_type": 9,
        "codename": "change_email"
    }
},
{
    "model": "auth.permission",
    "pk": 35,
    "fields": {
        "name": "Can delete email",
        "content_type": 9,
        "codename": "delete_email"
    }
},
{
    "model": "auth.permission",
    "pk": 36,
    "fields": {
        "name": "Can view email",
        "content_type": 9,
        "codename": "view_email"
    }
},
{
    "model": "auth.user",
    "pk": 1,
    "fields": {
        "password": "pbkdf2_sha256$150000$OXWnFN8rBh2M$HIMVDmvsFAi6Lnfyf40EXfro0seg924B5LLHY1q/5NM=",
        "last_login": "2019-09-09T15:04:04.593Z",
        "is_superuser": true,
        "username": "daniel",
        "first_name": "",
        "last_name": "",
        "email": "",
        "is_staff": true,
        "is_active": true,
        "date_joined": "2019-09-09T14:45:01.229Z",
        "groups": [],
        "user_permissions": []
    }
},
{
    "model": "admin.logentry",
    "pk": 1,
    "fields": {
        "action_time": "2019-09-09T15:04:20.016Z",
        "user": 1,
        "content_type": 8,
        "object_id": "1",
        "object_repr": "Anna Weso\u0142a",
        "action_flag": 1,
        "change_message": "[{\"added\": {}}]"
    }
},
{
    "model": "admin.logentry",
    "pk": 2,
    "fields": {
        "action_time": "2019-09-09T15:04:37.222Z",
        "user": 1,
        "content_type": 8,
        "object_id": "2",
        "object_repr": "Marian Zmienny",
        "action_flag": 1,
        "change_message": "[{\"added\": {}}]"
    }
},
{
    "model": "admin.logentry",
    "pk": 3,
    "fields": {
        "action_time": "2019-09-09T15:04:56.514Z",
        "user": 1,
        "content_type": 8,
        "object_id": "3",
        "object_repr": "Zenon Grubosk\u00f3rny",
        "action_flag": 1,
        "change_message": "[{\"added\": {}}]"
    }
},
{
    "model": "admin.logentry",
    "pk": 4,
    "fields": {
        "action_time": "2019-09-09T15:05:24.758Z",
        "user": 1,
        "content_type": 9,
        "object_id": "1",
        "object_repr": "nowymail@ggg.pl",
        "action_flag": 1,
        "change_message": "[{\"added\": {}}]"
    }
},
{
    "model": "admin.logentry",
    "pk": 5,
    "fields": {
        "action_time": "2019-09-09T15:05:36.868Z",
        "user": 1,
        "content_type": 9,
        "object_id": "1",
        "object_repr": "nowymail@gmail.pl",
        "action_flag": 2,
        "change_message": "[{\"changed\": {\"fields\": [\"email\"]}}]"
    }
},
{
    "model": "admin.logentry",
    "pk": 6,
    "fields": {
        "action_time": "2019-09-09T15:06:09.022Z",
        "user": 1,
        "content_type": 9,
        "object_id": "2",
        "object_repr": "drugiemail@gmail.com",
        "action_flag": 1,
        "change_message": "[{\"added\": {}}]"
    }
},
{
    "model": "admin.logentry",
    "pk": 7,
    "fields": {
        "action_time": "2019-09-09T15:06:53.496Z",
        "user": 1,
        "content_type": 7,
        "object_id": "1",
        "object_repr": "4324930247 020",
        "action_flag": 1,
        "change_message": "[{\"added\": {}}]"
    }
},
{
    "model": "admin.logentry",
    "pk": 8,
    "fields": {
        "action_time": "2019-09-09T15:07:27.281Z",
        "user": 1,
        "content_type": 9,
        "object_id": "3",
        "object_repr": "zneek@gmail.com",
        "action_flag": 1,
        "change_message": "[{\"added\": {}}]"
    }
},
{
    "model": "admin.logentry",
    "pk": 9,
    "fields": {
        "action_time": "2019-09-09T15:07:57.943Z",
        "user": 1,
        "content_type": 7,
        "object_id": "2",
        "object_repr": "+48 4545436 6554",
        "action_flag": 1,
        "change_message": "[{\"added\": {}}]"
    }
},
{
    "model": "admin.logentry",
    "pk": 10,
    "fields": {
        "action_time": "2019-09-09T22:27:44.912Z",
        "user": 1,
        "content_type": 9,
        "object_id": "11",
        "object_repr": "testowy@ggg.ll",
        "action_flag": 3,
        "change_message": ""
    }
},
{
    "model": "admin.logentry",
    "pk": 11,
    "fields": {
        "action_time": "2019-09-09T22:27:49.861Z",
        "user": 1,
        "content_type": 9,
        "object_id": "9",
        "object_repr": "testowy@ggg.ll",
        "action_flag": 3,
        "change_message": ""
    }
},
{
    "model": "admin.logentry",
    "pk": 12,
    "fields": {
        "action_time": "2019-09-09T22:27:54.719Z",
        "user": 1,
        "content_type": 9,
        "object_id": "7",
        "object_repr": "testowy@ggg.ll",
        "action_flag": 3,
        "change_message": ""
    }
},
{
    "model": "admin.logentry",
    "pk": 13,
    "fields": {
        "action_time": "2019-09-09T22:27:58.112Z",
        "user": 1,
        "content_type": 9,
        "object_id": "10",
        "object_repr": "testowy@ggg.ll",
        "action_flag": 3,
        "change_message": ""
    }
},
{
    "model": "admin.logentry",
    "pk": 14,
    "fields": {
        "action_time": "2019-09-09T22:28:03.949Z",
        "user": 1,
        "content_type": 9,
        "object_id": "5",
        "object_repr": "mdkfjds9859e",
        "action_flag": 3,
        "change_message": ""
    }
},
{
    "model": "admin.logentry",
    "pk": 15,
    "fields": {
        "action_time": "2019-09-10T14:08:32.121Z",
        "user": 1,
        "content_type": 8,
        "object_id": "4",
        "object_repr": "Franek Wsz\u0119dobylski",
        "action_flag": 1,
        "change_message": "[{\"added\": {}}]"
    }
},
{
    "model": "admin.logentry",
    "pk": 16,
    "fields": {
        "action_time": "2019-09-10T16:04:38.472Z",
        "user": 1,
        "content_type": 7,
        "object_id": "16",
        "object_repr": "78788787876876678687",
        "action_flag": 3,
        "change_message": ""
    }
},
{
    "model": "admin.logentry",
    "pk": 17,
    "fields": {
        "action_time": "2019-09-10T16:04:41.671Z",
        "user": 1,
        "content_type": 7,
        "object_id": "12",
        "object_repr": "656566",
        "action_flag": 3,
        "change_message": ""
    }
},
{
    "model": "admin.logentry",
    "pk": 18,
    "fields": {
        "action_time": "2019-09-10T16:04:44.592Z",
        "user": 1,
        "content_type": 7,
        "object_id": "11",
        "object_repr": "56656565654",
        "action_flag": 3,
        "change_message": ""
    }
},
{
    "model": "admin.logentry",
    "pk": 19,
    "fields": {
        "action_time": "2019-09-10T16:04:48.546Z",
        "user": 1,
        "content_type": 7,
        "object_id": "13",
        "object_repr": "6545654",
        "action_flag": 3,
        "change_message": ""
    }
},
{
    "model": "admin.logentry",
    "pk": 20,
    "fields": {
        "action_time": "2019-09-10T16:04:52.726Z",
        "user": 1,
        "content_type": 7,
        "object_id": "3",
        "object_repr": "09980",
        "action_flag": 3,
        "change_message": ""
    }
},
{
    "model": "admin.logentry",
    "pk": 21,
    "fields": {
        "action_time": "2019-09-10T16:04:55.605Z",
        "user": 1,
        "content_type": 7,
        "object_id": "5",
        "object_repr": "56656456",
        "action_flag": 3,
        "change_message": ""
    }
},
{
    "model": "admin.logentry",
    "pk": 22,
    "fields": {
        "action_time": "2019-09-10T16:04:58.526Z",
        "user": 1,
        "content_type": 7,
        "object_id": "6",
        "object_repr": "yy5y7y66hy6h",
        "action_flag": 3,
        "change_message": ""
    }
},
{
    "model": "admin.logentry",
    "pk": 23,
    "fields": {
        "action_time": "2019-09-10T16:05:02.001Z",
        "user": 1,
        "content_type": 7,
        "object_id": "8",
        "object_repr": "757766",
        "action_flag": 3,
        "change_message": ""
    }
},
{
    "model": "admin.logentry",
    "pk": 24,
    "fields": {
        "action_time": "2019-09-10T16:05:05.438Z",
        "user": 1,
        "content_type": 7,
        "object_id": "9",
        "object_repr": "5655656",
        "action_flag": 3,
        "change_message": ""
    }
},
{
    "model": "admin.logentry",
    "pk": 25,
    "fields": {
        "action_time": "2019-09-10T16:05:08.335Z",
        "user": 1,
        "content_type": 7,
        "object_id": "10",
        "object_repr": "676765",
        "action_flag": 3,
        "change_message": ""
    }
},
{
    "model": "admin.logentry",
    "pk": 26,
    "fields": {
        "action_time": "2019-09-10T16:05:11.170Z",
        "user": 1,
        "content_type": 7,
        "object_id": "14",
        "object_repr": "565656",
        "action_flag": 3,
        "change_message": ""
    }
},
{
    "model": "admin.logentry",
    "pk": 27,
    "fields": {
        "action_time": "2019-09-10T16:05:17.353Z",
        "user": 1,
        "content_type": 9,
        "object_id": "39",
        "object_repr": "hfdghhgfhgf",
        "action_flag": 3,
        "change_message": ""
    }
},
{
    "model": "admin.logentry",
    "pk": 28,
    "fields": {
        "action_time": "2019-09-10T16:05:20.442Z",
        "user": 1,
        "content_type": 9,
        "object_id": "37",
        "object_repr": "ghhghgff",
        "action_flag": 3,
        "change_message": ""
    }
},
{
    "model": "admin.logentry",
    "pk": 29,
    "fields": {
        "action_time": "2019-09-10T16:05:23.178Z",
        "user": 1,
        "content_type": 9,
        "object_id": "34",
        "object_repr": "ghghgfhg",
        "action_flag": 3,
        "change_message": ""
    }
},
{
    "model": "admin.logentry",
    "pk": 30,
    "fields": {
        "action_time": "2019-09-10T16:05:26.310Z",
        "user": 1,
        "content_type": 9,
        "object_id": "33",
        "object_repr": "ytytytyr@@@@@",
        "action_flag": 3,
        "change_message": ""
    }
},
{
    "model": "admin.logentry",
    "pk": 31,
    "fields": {
        "action_time": "2019-09-10T16:05:28.932Z",
        "user": 1,
        "content_type": 9,
        "object_id": "28",
        "object_repr": "popo",
        "action_flag": 3,
        "change_message": ""
    }
},
{
    "model": "admin.logentry",
    "pk": 32,
    "fields": {
        "action_time": "2019-09-10T16:05:31.246Z",
        "user": 1,
        "content_type": 9,
        "object_id": "27",
        "object_repr": "yuyytu",
        "action_flag": 3,
        "change_message": ""
    }
},
{
    "model": "admin.logentry",
    "pk": 33,
    "fields": {
        "action_time": "2019-09-10T16:05:34.229Z",
        "user": 1,
        "content_type": 9,
        "object_id": "29",
        "object_repr": "poppio",
        "action_flag": 3,
        "change_message": ""
    }
},
{
    "model": "admin.logentry",
    "pk": 34,
    "fields": {
        "action_time": "2019-09-10T16:05:36.930Z",
        "user": 1,
        "content_type": 9,
        "object_id": "26",
        "object_repr": "klklkj",
        "action_flag": 3,
        "change_message": ""
    }
},
{
    "model": "admin.logentry",
    "pk": 35,
    "fields": {
        "action_time": "2019-09-10T16:05:39.923Z",
        "user": 1,
        "content_type": 9,
        "object_id": "24",
        "object_repr": "gfgfgfg",
        "action_flag": 3,
        "change_message": ""
    }
},
{
    "model": "admin.logentry",
    "pk": 36,
    "fields": {
        "action_time": "2019-09-10T16:05:43.061Z",
        "user": 1,
        "content_type": 9,
        "object_id": "20",
        "object_repr": "jghjhgj",
        "action_flag": 3,
        "change_message": ""
    }
},
{
    "model": "admin.logentry",
    "pk": 37,
    "fields": {
        "action_time": "2019-09-10T16:05:45.760Z",
        "user": 1,
        "content_type": 9,
        "object_id": "21",
        "object_repr": "hghghgfh",
        "action_flag": 3,
        "change_message": ""
    }
},
{
    "model": "admin.logentry",
    "pk": 38,
    "fields": {
        "action_time": "2019-09-10T16:05:48.418Z",
        "user": 1,
        "content_type": 9,
        "object_id": "35",
        "object_repr": "nbvnbvmbvmmbv",
        "action_flag": 3,
        "change_message": ""
    }
},
{
    "model": "admin.logentry",
    "pk": 39,
    "fields": {
        "action_time": "2019-09-10T16:05:51.178Z",
        "user": 1,
        "content_type": 9,
        "object_id": "32",
        "object_repr": "gfgfdg@",
        "action_flag": 3,
        "change_message": ""
    }
},
{
    "model": "admin.logentry",
    "pk": 40,
    "fields": {
        "action_time": "2019-09-10T16:05:56.687Z",
        "user": 1,
        "content_type": 9,
        "object_id": "17",
        "object_repr": "uiuyiuyiuy",
        "action_flag": 3,
        "change_message": ""
    }
},
{
    "model": "admin.logentry",
    "pk": 41,
    "fields": {
        "action_time": "2019-09-10T16:05:59.986Z",
        "user": 1,
        "content_type": 9,
        "object_id": "15",
        "object_repr": "yuytuyutyutuyt",
        "action_flag": 3,
        "change_message": ""
    }
},
{
    "model": "admin.logentry",
    "pk": 42,
    "fields": {
        "action_time": "2019-09-10T16:06:03.311Z",
        "user": 1,
        "content_type": 9,
        "object_id": "13",
        "object_repr": "fdfhjdfh@fdd.pl",
        "action_flag": 3,
        "change_message": ""
    }
},
{
    "model": "admin.logentry",
    "pk": 43,
    "fields": {
        "action_time": "2019-09-10T16:06:06.215Z",
        "user": 1,
        "content_type": 9,
        "object_id": "30",
        "object_repr": "rrrtrt",
        "action_flag": 3,
        "change_message": ""
    }
},
{
    "model": "admin.logentry",
    "pk": 44,
    "fields": {
        "action_time": "2019-09-10T16:06:09.586Z",
        "user": 1,
        "content_type": 9,
        "object_id": "19",
        "object_repr": "jhjjhgj",
        "action_flag": 3,
        "change_message": ""
    }
},
{
    "model": "admin.logentry",
    "pk": 45,
    "fields": {
        "action_time": "2019-09-10T16:06:12.957Z",
        "user": 1,
        "content_type": 9,
        "object_id": "12",
        "object_repr": "656566@test",
        "action_flag": 3,
        "change_message": ""
    }
},
{
    "model": "admin.logentry",
    "pk": 46,
    "fields": {
        "action_time": "2019-09-10T16:06:16.358Z",
        "user": 1,
        "content_type": 9,
        "object_id": "22",
        "object_repr": "jkjkjkkjkj",
        "action_flag": 3,
        "change_message": ""
    }
},
{
    "model": "admin.logentry",
    "pk": 47,
    "fields": {
        "action_time": "2019-09-10T16:06:19.516Z",
        "user": 1,
        "content_type": 9,
        "object_id": "23",
        "object_repr": "gf",
        "action_flag": 3,
        "change_message": ""
    }
},
{
    "model": "admin.logentry",
    "pk": 48,
    "fields": {
        "action_time": "2019-09-10T16:06:22.693Z",
        "user": 1,
        "content_type": 9,
        "object_id": "31",
        "object_repr": "tty5y5y",
        "action_flag": 3,
        "change_message": ""
    }
},
{
    "model": "admin.logentry",
    "pk": 49,
    "fields": {
        "action_time": "2019-09-10T16:06:25.886Z",
        "user": 1,
        "content_type": 9,
        "object_id": "25",
        "object_repr": "jjhh",
        "action_flag": 3,
        "change_message": ""
    }
},
{
    "model": "admin.logentry",
    "pk": 50,
    "fields": {
        "action_time": "2019-09-10T16:06:34.389Z",
        "user": 1,
        "content_type": 9,
        "object_id": "14",
        "object_repr": "uyytytutyu",
        "action_flag": 3,
        "change_message": ""
    }
},
{
    "model": "admin.logentry",
    "pk": 51,
    "fields": {
        "action_time": "2019-09-10T16:06:37.872Z",
        "user": 1,
        "content_type": 9,
        "object_id": "18",
        "object_repr": "uiuiiuiuy",
        "action_flag": 3,
        "change_message": ""
    }
},
{
    "model": "admin.logentry",
    "pk": 52,
    "fields": {
        "action_time": "2019-09-10T16:06:41.398Z",
        "user": 1,
        "content_type": 9,
        "object_id": "16",
        "object_repr": "uytytuyuyut",
        "action_flag": 3,
        "change_message": ""
    }
},
{
    "model": "admin.logentry",
    "pk": 53,
    "fields": {
        "action_time": "2019-09-10T16:06:44.984Z",
        "user": 1,
        "content_type": 9,
        "object_id": "38",
        "object_repr": "hgfhgfhhfg",
        "action_flag": 3,
        "change_message": ""
    }
},
{
    "model": "admin.logentry",
    "pk": 54,
    "fields": {
        "action_time": "2019-09-10T16:06:48.239Z",
        "user": 1,
        "content_type": 9,
        "object_id": "41",
        "object_repr": "fgfddfg",
        "action_flag": 3,
        "change_message": ""
    }
},
{
    "model": "admin.logentry",
    "pk": 55,
    "fields": {
        "action_time": "2019-09-10T16:06:52.590Z",
        "user": 1,
        "content_type": 9,
        "object_id": "40",
        "object_repr": "7878786867",
        "action_flag": 3,
        "change_message": ""
    }
},
{
    "model": "admin.logentry",
    "pk": 56,
    "fields": {
        "action_time": "2019-09-10T16:39:23.978Z",
        "user": 1,
        "content_type": 7,
        "object_id": "22",
        "object_repr": "+(343)",
        "action_flag": 3,
        "change_message": ""
    }
},
{
    "model": "admin.logentry",
    "pk": 57,
    "fields": {
        "action_time": "2019-09-10T16:39:26.498Z",
        "user": 1,
        "content_type": 7,
        "object_id": "23",
        "object_repr": "+(3434)34343434",
        "action_flag": 3,
        "change_message": ""
    }
},
{
    "model": "admin.logentry",
    "pk": 58,
    "fields": {
        "action_time": "2019-09-10T16:39:28.864Z",
        "user": 1,
        "content_type": 7,
        "object_id": "20",
        "object_repr": "+4545454",
        "action_flag": 3,
        "change_message": ""
    }
},
{
    "model": "admin.logentry",
    "pk": 59,
    "fields": {
        "action_time": "2019-09-10T16:39:31.242Z",
        "user": 1,
        "content_type": 7,
        "object_id": "19",
        "object_repr": "666666666",
        "action_flag": 3,
        "change_message": ""
    }
},
{
    "model": "admin.logentry",
    "pk": 60,
    "fields": {
        "action_time": "2019-09-10T16:39:33.682Z",
        "user": 1,
        "content_type": 7,
        "object_id": "21",
        "object_repr": "+5454544554",
        "action_flag": 3,
        "change_message": ""
    }
},
{
    "model": "admin.logentry",
    "pk": 61,
    "fields": {
        "action_time": "2019-09-10T16:39:35.975Z",
        "user": 1,
        "content_type": 7,
        "object_id": "18",
        "object_repr": "4545435354543354",
        "action_flag": 3,
        "change_message": ""
    }
},
{
    "model": "admin.logentry",
    "pk": 62,
    "fields": {
        "action_time": "2019-09-10T16:39:38.542Z",
        "user": 1,
        "content_type": 7,
        "object_id": "24",
        "object_repr": "(+48)5454554",
        "action_flag": 3,
        "change_message": ""
    }
},
{
    "model": "admin.logentry",
    "pk": 63,
    "fields": {
        "action_time": "2019-09-10T16:39:42.119Z",
        "user": 1,
        "content_type": 7,
        "object_id": "4",
        "object_repr": "566554",
        "action_flag": 3,
        "change_message": ""
    }
},
{
    "model": "admin.logentry",
    "pk": 64,
    "fields": {
        "action_time": "2019-09-10T16:39:45.331Z",
        "user": 1,
        "content_type": 7,
        "object_id": "7",
        "object_repr": "654654654665",
        "action_flag": 3,
        "change_message": ""
    }
},
{
    "model": "admin.logentry",
    "pk": 65,
    "fields": {
        "action_time": "2019-09-10T22:15:42.187Z",
        "user": 1,
        "content_type": 9,
        "object_id": "49",
        "object_repr": "hghghgf@fgghhhhhhhhhhh",
        "action_flag": 3,
        "change_message": ""
    }
},
{
    "model": "admin.logentry",
    "pk": 66,
    "fields": {
        "action_time": "2019-09-10T22:15:45.096Z",
        "user": 1,
        "content_type": 9,
        "object_id": "48",
        "object_repr": "<function email at 0x7fcf6a4470d0>",
        "action_flag": 3,
        "change_message": ""
    }
},
{
    "model": "admin.logentry",
    "pk": 67,
    "fields": {
        "action_time": "2019-09-10T22:15:47.401Z",
        "user": 1,
        "content_type": 9,
        "object_id": "47",
        "object_repr": "<function email at 0x7fcf6a4470d0>",
        "action_flag": 3,
        "change_message": ""
    }
},
{
    "model": "admin.logentry",
    "pk": 68,
    "fields": {
        "action_time": "2019-09-10T22:15:52.057Z",
        "user": 1,
        "content_type": 9,
        "object_id": "46",
        "object_repr": "gffg2FGFGF@GFF",
        "action_flag": 3,
        "change_message": ""
    }
},
{
    "model": "admin.logentry",
    "pk": 69,
    "fields": {
        "action_time": "2019-09-10T22:15:57.574Z",
        "user": 1,
        "content_type": 9,
        "object_id": "42",
        "object_repr": "fdsdsfs",
        "action_flag": 3,
        "change_message": ""
    }
},
{
    "model": "admin.logentry",
    "pk": 70,
    "fields": {
        "action_time": "2019-09-10T22:16:00.033Z",
        "user": 1,
        "content_type": 9,
        "object_id": "43",
        "object_repr": "reer@rtrtrtrt",
        "action_flag": 3,
        "change_message": ""
    }
},
{
    "model": "admin.logentry",
    "pk": 71,
    "fields": {
        "action_time": "2019-09-10T22:16:02.576Z",
        "user": 1,
        "content_type": 9,
        "object_id": "44",
        "object_repr": "fgfgf4gfff@gfgffg",
        "action_flag": 3,
        "change_message": ""
    }
},
{
    "model": "admin.logentry",
    "pk": 72,
    "fields": {
        "action_time": "2019-09-10T22:16:08.240Z",
        "user": 1,
        "content_type": 9,
        "object_id": "36",
        "object_repr": "dfdfdfmdlk@ffdf",
        "action_flag": 3,
        "change_message": ""
    }
},
{
    "model": "admin.logentry",
    "pk": 73,
    "fields": {
        "action_time": "2019-09-10T22:16:10.448Z",
        "user": 1,
        "content_type": 9,
        "object_id": "45",
        "object_repr": "gfgf@gfgf",
        "action_flag": 3,
        "change_message": ""
    }
},
{
    "model": "admin.logentry",
    "pk": 74,
    "fields": {
        "action_time": "2019-09-10T22:16:19.749Z",
        "user": 1,
        "content_type": 7,
        "object_id": "34",
        "object_repr": "77777777777777",
        "action_flag": 3,
        "change_message": ""
    }
},
{
    "model": "admin.logentry",
    "pk": 75,
    "fields": {
        "action_time": "2019-09-10T22:16:22.422Z",
        "user": 1,
        "content_type": 7,
        "object_id": "33",
        "object_repr": "5555555555555555",
        "action_flag": 3,
        "change_message": ""
    }
},
{
    "model": "admin.logentry",
    "pk": 76,
    "fields": {
        "action_time": "2019-09-10T22:16:29.169Z",
        "user": 1,
        "content_type": 7,
        "object_id": "31",
        "object_repr": "655656",
        "action_flag": 3,
        "change_message": ""
    }
},
{
    "model": "admin.logentry",
    "pk": 77,
    "fields": {
        "action_time": "2019-09-10T22:16:32.169Z",
        "user": 1,
        "content_type": 7,
        "object_id": "30",
        "object_repr": "65565654654",
        "action_flag": 3,
        "change_message": ""
    }
},
{
    "model": "admin.logentry",
    "pk": 78,
    "fields": {
        "action_time": "2019-09-10T22:16:35.429Z",
        "user": 1,
        "content_type": 7,
        "object_id": "29",
        "object_repr": "54554555354",
        "action_flag": 3,
        "change_message": ""
    }
},
{
    "model": "admin.logentry",
    "pk": 79,
    "fields": {
        "action_time": "2019-09-10T22:16:39.973Z",
        "user": 1,
        "content_type": 7,
        "object_id": "25",
        "object_repr": "5665",
        "action_flag": 3,
        "change_message": ""
    }
},
{
    "model": "admin.logentry",
    "pk": 80,
    "fields": {
        "action_time": "2019-09-10T22:16:43.145Z",
        "user": 1,
        "content_type": 7,
        "object_id": "17",
        "object_repr": "hgghghfghg",
        "action_flag": 3,
        "change_message": ""
    }
},
{
    "model": "admin.logentry",
    "pk": 81,
    "fields": {
        "action_time": "2019-09-10T22:16:46.304Z",
        "user": 1,
        "content_type": 7,
        "object_id": "15",
        "object_repr": "7778876",
        "action_flag": 3,
        "change_message": ""
    }
},
{
    "model": "admin.logentry",
    "pk": 82,
    "fields": {
        "action_time": "2019-09-10T22:16:51.242Z",
        "user": 1,
        "content_type": 7,
        "object_id": "26",
        "object_repr": "rer@rtrtr",
        "action_flag": 3,
        "change_message": ""
    }
},
{
    "model": "admin.logentry",
    "pk": 83,
    "fields": {
        "action_time": "2019-09-10T22:16:55.208Z",
        "user": 1,
        "content_type": 7,
        "object_id": "27",
        "object_repr": "sfdf@ttr.pl",
        "action_flag": 3,
        "change_message": ""
    }
},
{
    "model": "admin.logentry",
    "pk": 84,
    "fields": {
        "action_time": "2019-09-10T22:16:58.126Z",
        "user": 1,
        "content_type": 7,
        "object_id": "28",
        "object_repr": "ytytyt@ttrrt",
        "action_flag": 3,
        "change_message": ""
    }
},
{
    "model": "admin.logentry",
    "pk": 85,
    "fields": {
        "action_time": "2019-09-11T09:39:22.505Z",
        "user": 1,
        "content_type": 8,
        "object_id": "8",
        "object_repr": "Franek Janek",
        "action_flag": 3,
        "change_message": ""
    }
},
{
    "model": "admin.logentry",
    "pk": 86,
    "fields": {
        "action_time": "2019-09-11T09:39:32.162Z",
        "user": 1,
        "content_type": 8,
        "object_id": "7",
        "object_repr": "Zenon Kowalski",
        "action_flag": 3,
        "change_message": ""
    }
},
{
    "model": "admin.logentry",
    "pk": 87,
    "fields": {
        "action_time": "2019-09-11T09:39:39.129Z",
        "user": 1,
        "content_type": 8,
        "object_id": "3",
        "object_repr": "Zenonek Grubosk\u00f3rny",
        "action_flag": 3,
        "change_message": ""
    }
},
{
    "model": "admin.logentry",
    "pk": 88,
    "fields": {
        "action_time": "2019-09-11T09:39:42.367Z",
        "user": 1,
        "content_type": 8,
        "object_id": "2",
        "object_repr": "Marian Zmienny",
        "action_flag": 3,
        "change_message": ""
    }
},
{
    "model": "admin.logentry",
    "pk": 89,
    "fields": {
        "action_time": "2019-09-11T09:39:45.949Z",
        "user": 1,
        "content_type": 8,
        "object_id": "1",
        "object_repr": "Anna Weso\u0142a",
        "action_flag": 3,
        "change_message": ""
    }
},
{
    "model": "admin.logentry",
    "pk": 90,
    "fields": {
        "action_time": "2019-09-11T10:35:17.972Z",
        "user": 1,
        "content_type": 7,
        "object_id": "59",
        "object_repr": "7",
        "action_flag": 3,
        "change_message": ""
    }
},
{
    "model": "admin.logentry",
    "pk": 91,
    "fields": {
        "action_time": "2019-09-11T10:35:20.522Z",
        "user": 1,
        "content_type": 7,
        "object_id": "58",
        "object_repr": "(+48) 43-343-43",
        "action_flag": 3,
        "change_message": ""
    }
},
{
    "model": "admin.logentry",
    "pk": 92,
    "fields": {
        "action_time": "2019-09-11T10:35:22.985Z",
        "user": 1,
        "content_type": 7,
        "object_id": "57",
        "object_repr": "4533-343434",
        "action_flag": 3,
        "change_message": ""
    }
},
{
    "model": "admin.logentry",
    "pk": 93,
    "fields": {
        "action_time": "2019-09-11T10:35:25.252Z",
        "user": 1,
        "content_type": 7,
        "object_id": "56",
        "object_repr": "gfdgfd",
        "action_flag": 3,
        "change_message": ""
    }
},
{
    "model": "admin.logentry",
    "pk": 94,
    "fields": {
        "action_time": "2019-09-11T10:35:27.702Z",
        "user": 1,
        "content_type": 7,
        "object_id": "54",
        "object_repr": "43434 43 - 43 ",
        "action_flag": 3,
        "change_message": ""
    }
},
{
    "model": "admin.logentry",
    "pk": 95,
    "fields": {
        "action_time": "2019-09-11T10:35:29.879Z",
        "user": 1,
        "content_type": 7,
        "object_id": "53",
        "object_repr": "(+548)545454",
        "action_flag": 3,
        "change_message": ""
    }
},
{
    "model": "admin.logentry",
    "pk": 96,
    "fields": {
        "action_time": "2019-09-11T10:35:32.104Z",
        "user": 1,
        "content_type": 7,
        "object_id": "52",
        "object_repr": "(4444444)4545",
        "action_flag": 3,
        "change_message": ""
    }
},
{
    "model": "admin.logentry",
    "pk": 97,
    "fields": {
        "action_time": "2019-09-11T10:35:34.675Z",
        "user": 1,
        "content_type": 7,
        "object_id": "51",
        "object_repr": "(+43)4334",
        "action_flag": 3,
        "change_message": ""
    }
},
{
    "model": "admin.logentry",
    "pk": 98,
    "fields": {
        "action_time": "2019-09-11T10:35:36.776Z",
        "user": 1,
        "content_type": 7,
        "object_id": "50",
        "object_repr": "+(43)33434",
        "action_flag": 3,
        "change_message": ""
    }
},
{
    "model": "admin.logentry",
    "pk": 99,
    "fields": {
        "action_time": "2019-09-11T10:35:38.916Z",
        "user": 1,
        "content_type": 7,
        "object_id": "49",
        "object_repr": "+54554",
        "action_flag": 3,
        "change_message": ""
    }
},
{
    "model": "admin.logentry",
    "pk": 100,
    "fields": {
        "action_time": "2019-09-11T10:35:41.161Z",
        "user": 1,
        "content_type": 7,
        "object_id": "55",
        "object_repr": "(+)- (/)",
        "action_flag": 3,
        "change_message": ""
    }
},
{
    "model": "admin.logentry",
    "pk": 101,
    "fields": {
        "action_time": "2019-09-11T10:35:43.433Z",
        "user": 1,
        "content_type": 7,
        "object_id": "47",
        "object_repr": "4344 3434",
        "action_flag": 3,
        "change_message": ""
    }
},
{
    "model": "admin.logentry",
    "pk": 102,
    "fields": {
        "action_time": "2019-09-11T10:35:45.890Z",
        "user": 1,
        "content_type": 7,
        "object_id": "46",
        "object_repr": "gfdfgdg",
        "action_flag": 3,
        "change_message": ""
    }
},
{
    "model": "admin.logentry",
    "pk": 103,
    "fields": {
        "action_time": "2019-09-11T10:35:47.978Z",
        "user": 1,
        "content_type": 7,
        "object_id": "44",
        "object_repr": "(+48) 5545",
        "action_flag": 3,
        "change_message": ""
    }
},
{
    "model": "admin.logentry",
    "pk": 104,
    "fields": {
        "action_time": "2019-09-11T10:35:50.019Z",
        "user": 1,
        "content_type": 7,
        "object_id": "45",
        "object_repr": "+(48) 434-4343-4334",
        "action_flag": 3,
        "change_message": ""
    }
},
{
    "model": "admin.logentry",
    "pk": 105,
    "fields": {
        "action_time": "2019-09-11T10:35:52.026Z",
        "user": 1,
        "content_type": 7,
        "object_id": "43",
        "object_repr": "(+48)34334",
        "action_flag": 3,
        "change_message": ""
    }
},
{
    "model": "admin.logentry",
    "pk": 106,
    "fields": {
        "action_time": "2019-09-11T10:35:54.034Z",
        "user": 1,
        "content_type": 7,
        "object_id": "42",
        "object_repr": "+(49)43434",
        "action_flag": 3,
        "change_message": ""
    }
},
{
    "model": "admin.logentry",
    "pk": 107,
    "fields": {
        "action_time": "2019-09-11T10:35:56.003Z",
        "user": 1,
        "content_type": 7,
        "object_id": "41",
        "object_repr": "(44)545",
        "action_flag": 3,
        "change_message": ""
    }
},
{
    "model": "admin.logentry",
    "pk": 108,
    "fields": {
        "action_time": "2019-09-11T10:35:57.925Z",
        "user": 1,
        "content_type": 7,
        "object_id": "40",
        "object_repr": "(545)545",
        "action_flag": 3,
        "change_message": ""
    }
},
{
    "model": "admin.logentry",
    "pk": 109,
    "fields": {
        "action_time": "2019-09-11T10:36:00.363Z",
        "user": 1,
        "content_type": 7,
        "object_id": "39",
        "object_repr": "656654654",
        "action_flag": 3,
        "change_message": ""
    }
},
{
    "model": "admin.logentry",
    "pk": 110,
    "fields": {
        "action_time": "2019-09-11T10:36:02.387Z",
        "user": 1,
        "content_type": 7,
        "object_id": "48",
        "object_repr": "fgfgf",
        "action_flag": 3,
        "change_message": ""
    }
},
{
    "model": "admin.logentry",
    "pk": 111,
    "fields": {
        "action_time": "2019-09-11T10:49:12.827Z",
        "user": 1,
        "content_type": 7,
        "object_id": "67",
        "object_repr": "+(49) 545-4545-4545",
        "action_flag": 3,
        "change_message": ""
    }
},
{
    "model": "admin.logentry",
    "pk": 112,
    "fields": {
        "action_time": "2019-09-11T10:49:15.319Z",
        "user": 1,
        "content_type": 7,
        "object_id": "66",
        "object_repr": "+(49) 54-54-5454",
        "action_flag": 3,
        "change_message": ""
    }
},
{
    "model": "admin.logentry",
    "pk": 113,
    "fields": {
        "action_time": "2019-09-11T10:49:17.621Z",
        "user": 1,
        "content_type": 7,
        "object_id": "65",
        "object_repr": "(   ) + - 43-",
        "action_flag": 3,
        "change_message": ""
    }
},
{
    "model": "admin.logentry",
    "pk": 114,
    "fields": {
        "action_time": "2019-09-11T10:49:19.948Z",
        "user": 1,
        "content_type": 7,
        "object_id": "64",
        "object_repr": "+ - 9",
        "action_flag": 3,
        "change_message": ""
    }
},
{
    "model": "admin.logentry",
    "pk": 115,
    "fields": {
        "action_time": "2019-09-11T10:49:22.332Z",
        "user": 1,
        "content_type": 7,
        "object_id": "63",
        "object_repr": "+5-",
        "action_flag": 3,
        "change_message": ""
    }
},
{
    "model": "admin.logentry",
    "pk": 116,
    "fields": {
        "action_time": "2019-09-11T10:49:24.385Z",
        "user": 1,
        "content_type": 7,
        "object_id": "62",
        "object_repr": "dfdff",
        "action_flag": 3,
        "change_message": ""
    }
},
{
    "model": "admin.logentry",
    "pk": 117,
    "fields": {
        "action_time": "2019-09-11T10:49:27.065Z",
        "user": 1,
        "content_type": 7,
        "object_id": "61",
        "object_repr": "( ) + -",
        "action_flag": 3,
        "change_message": ""
    }
},
{
    "model": "admin.logentry",
    "pk": 118,
    "fields": {
        "action_time": "2019-09-11T10:49:29.809Z",
        "user": 1,
        "content_type": 7,
        "object_id": "60",
        "object_repr": "()",
        "action_flag": 3,
        "change_message": ""
    }
}
]
